prod_aaaeeeeiiouuucoeae	
prod_adoucissant	Adoucissant
prod_agneau	Agneau
prod_agrafeuse	Agrafeuse
prod_agraves	Agraves
prod_ajout_quand_un_partenaire_ou_l	Ajout quand un partenaire (ou l
prod_algues_nori	Algues nori
prod_algues_wakame	Algues wakame
prod_allumettes	Allumettes
prod_ampoule	Ampoule
prod_anchois	Anchois
prod_andouille	Andouille
prod_aneth	Aneth
prod_anneaux	Anneaux
prod_apero_dinatoire	Apero dinatoire
prod_babybel	Babybel
prod_bacon	Bacon
prod_baguette	Baguette
prod_baies_de_goji	Baies de goji
prod_bain_de_bouche	Bain de bouche
prod_bambou	Bambou
prod_barbecue	Barbecue
prod_batterie	Batterie
prod_biberon	Biberon
prod_biscottes	Biscottes
prod_biscuits_bio	Biscuits bio
prod_blanquette	Blanquette
prod_bloc_de_foie_gras	Bloc de foie gras
prod_boissons	Boissons
prod_bok_choy	Bok choy
prod_boudin_noir	Boudin noir
prod_boulangerie	Boulangerie
prod_boulettes	Boulettes
prod_boulgour	Boulgour
prod_boulons	Boulons
prod_boursin	Boursin
prod_bretzels	Bretzels
prod_brie	Brie
prod_brioche	Brioche
prod_briquet	Briquet
prod_brochettes	Brochettes
prod_bulots	Bulots
prod_burgers	Burgers
prod_burin	Burin
prod_camembert	Camembert
prod_canard	Canard
prod_capres	Capres
prod_caprice_des_dieux	Caprice des dieux
prod_carnet	Carnet
prod_carrelage	Carrelage
prod_carte_recharge	Carte recharge
prod_cartes_postales	Cartes postales
prod_cartouche_filtre	Cartouche filtre
prod_caviar_daubergine	Caviar d'aubergine
prod_champagne	Champagne
prod_champignons	Champignons
prod_champignons_noirs	Champignons noirs
prod_champignons_shiitake	Champignons shiitake
prod_chantilly	Chantilly
prod_charcuterie_artisanale	Charcuterie artisanale
prod_chauffage	Chauffage
prod_cheddar	Cheddar
prod_chevilles	Chevilles
prod_chewing_gum	Chewing-gum
prod_chipolatas	Chipolatas
prod_chips	Chips
prod_chocolat_au_lait	Chocolat au lait
prod_chocolat_bio	Chocolat bio
prod_chocolat_blanc	Chocolat blanc
prod_chocolat_noir	Chocolat noir
prod_chou_chinois	Chou chinois
prod_choucroute	Choucroute
prod_cidre	Cidre
prod_cigares	Cigares
prod_cigarettes	Cigarettes
prod_citron	Citron
prod_citronnelle	Citronnelle
prod_clous	Clous
prod_colle	Colle
prod_colle_carrelage	Colle carrelage
prod_collier	Collier
prod_compote_bio	Compote bio
prod_comte	Comté
prod_confiture_bio	Confiture bio
prod_confiture_dabricot	Confiture d'abricot
prod_confiture_de_fraises	Confiture de fraises
prod_confiture_maison	Confiture maison
prod_coquillages	Coquillages
prod_cordon_bleu	Cordon bleu
prod_corn_flakes	Corn flakes
prod_cotons	Cotons
prod_couches	Couches
prod_coulis	Coulis
prod_coupe	Coupe
prod_crackers	Crackers
prod_crackers_sans_sel	Crackers sans sel
prod_cranberries	Cranberries
prod_cremant	Crémant
prod_crepes	Crêpes
prod_crochet	Crochet
prod_croissants	Croissants
prod_curry	Curry
prod_curry_massaman	Curry massaman
prod_curry_rouge	Curry rouge
prod_curry_vert	Curry vert
prod_cutter	Cutter
prod_dashi	Dashi
prod_digestif	Digestif
prod_dim_sum	Dim sum
prod_douille	Douille
prod_eau_de_toilette	Eau de toilette
prod_edamame	Edamame
prod_emmental	Emmental
prod_endives	Endives
prod_enduit	Enduit
prod_engrais	Engrais
prod_enveloppes	Enveloppes
prod_escalope	Escalope
prod_faisselle	Faisselle
prod_feta	Feta
prod_feuilles_de_riz	Feuilles de riz
prod_fil_dentaire	Fil dentaire
prod_filet	Filet
prod_fleurs	Fleurs
prod_foie_gras	Foie gras
prod_fondue	Fondue
prod_fondue_savoyarde	Fondue savoyarde
prod_fromage_blanc	Fromage blanc
prod_fromage_fermier	Fromage fermier
prod_fruits_bio	Fruits bio
prod_fruits_de_mer	Fruits de mer
prod_galettes_de_riz	Galettes de riz
prod_gel_douche	Gel douche
prod_gibier	Gibier
prod_gommage	Gommage
prod_graines	Graines
prod_graines_de_chia	Graines de chia
prod_graines_de_lin	Graines de lin
prod_grattage	Grattage
prod_guacamole	Guacamole
prod_halloween	Halloween
prod_haricots	Haricots
prod_herbes	Herbes
prod_homard	Homard
prod_huile_dolive_bio	Huile d'olive bio
prod_infusion	Infusion
prod_interrupteur	Interrupteur
prod_jambon_cru	Jambon cru
prod_javel	Javel
prod_joint	Joint
prod_joint_carrelage	Joint carrelage
prod_joint_torique	Joint torique
prod_journal	Journal
prod_jus	Jus
prod_jus_de_fruit_naturel	Jus de fruit naturel
prod_jus_de_raisin	Jus de raisin
prod_jus_dorange	Jus dorange
prod_ketchup	Ketchup
prod_kimchi	Kimchi
prod_kiri	Kiri
prod_kiwi	Kiwi
prod_laine_de_verre	Laine de verre
prod_lait_bio	Lait bio
prod_lait_de_coco	Lait de coco
prod_lait_en_poudre	Lait en poudre
prod_lambris	Lambris
prod_lame_de_scie	Lame de scie
prod_langoustines	Langoustines
prod_lapin	Lapin
prod_lard	Lard
prod_lasagnes	Lasagnes
prod_lasure	Lasure
prod_le	
prod_lentilles_corail	Lentilles corail
prod_les	
prod_lime	Lime
prod_limette	Limette
prod_lingettes	Lingettes
prod_liquide_vaisselle	Liquide vaisselle
prod_loto	Loto
prod_madeleines	Madeleines
prod_magazine	Magazine
prod_marteau	Marteau
prod_mascarpone	Mascarpone
prod_masque	Masque
prod_masse	Masse
prod_mastic	Mastic
prod_mayonnaise	Mayonnaise
prod_mdf	MDF
prod_melon	Melon
prod_menthe	Menthe
prod_merguez	Merguez
prod_miel_bio	Miel bio
prod_miel_du_producteur	Miel du producteur
prod_mirin	Mirin
prod_morbier	Morbier
prod_mortadelle	Mortadelle
prod_mouchoirs	Mouchoirs
prod_mozzarella	Mozzarella
prod_muesli	Muesli
prod_muesli_barres	Muesli barres
prod_muesli_bio	Muesli bio
prod_nam_pla	Nam pla
prod_nectar	Nectar
prod_nems	Nems
prod_nettoyant_sol	Nettoyant sol
prod_niveau	Niveau
prod_noix_de_cajou	Noix de cajou
prod_nouilles	Nouilles
prod_nuggets	Nuggets
prod_nutella	Nutella
prod_olives	Olives
prod_oranges	Oranges
prod_pain_bio	Pain bio
prod_pain_de_viande	Pain de viande
prod_palets_bretons	Palets bretons
prod_pancetta	Pancetta
prod_panneau_osb	Panneau OSB
prod_papier_de_verre	Papier de verre
prod_paprika	Paprika
prod_parfum	Parfum
prod_parmesan	Parmesan
prod_parquet	Parquet
prod_pastilles	Pastilles
prod_pastis	Pastis
prod_pate	Pâté
prod_pate_carbonara	Pate carbonara
prod_pates_carbonara	Pates carbonara
prod_paumelle	Paumelle
prod_peinture	Peinture
prod_perceuse	Perceuse
prod_pesto	Pesto
prod_petit_dej	Petit dej
prod_petit_dejeuner	Petit dejeuner
prod_petit_suisse	Petit suisse
prod_pickles	Pickles
prod_pile	Pile
prod_pince	Pince
prod_pinceau	Pinceau
prod_pizza	Pizza
prod_pizza_maison	Pizza maison
prod_planche	Planche
prod_plantes	Plantes
prod_plantes_aromatiques	Plantes aromatiques
prod_poisson	Poisson
prod_poisson_frais	Poisson frais
prod_popcorn	Popcorn
prod_porc	Porc
prod_porto	Porto
prod_pot	Pot
prod_pot_au_feu	Pot-au-feu
prod_potage	Potage
prod_poudre	Poudre
prod_poulet_fermier	Poulet fermier
prod_pousse_de_bambou	Pousse de bambou
prod_pousses_de_soja	Pousses de soja
prod_presse	Presse
prod_prise	Prise
prod_produit_vitres	Produit vitres
prod_produits_laitiers	Produits laitiers
prod_pruneaux	Pruneaux
prod_pull	Pull
prod_punaises	Punaises
prod_puree_d	Purée
prod_quiche	Quiche
prod_quinoa	Quinoa
prod_quinoa_bio	Quinoa bio
prod_raccord	Raccord
prod_raclette	Raclette
prod_radiateur	Radiateur
prod_ravioli	Ravioli
prod_raviolis_chinois	Raviolis chinois
prod_razor	Razor
prod_reblochon	Reblochon
prod_recharge_briquet	Recharge briquet
prod_return	) return
prod_rhum	Rhum
prod_rideau	Rideau
prod_rillettes	Rillettes
prod_riz_basmati	Riz basmati
prod_riz_complet	Riz complet
prod_riz_glutineux	Riz glutineux
prod_robineterie	Robineterie
prod_rondele	Rondelé
prod_roquefort	Roquefort
prod_rouleau	Rouleau
prod_ruban_isolant	Ruban isolant
prod_sac_poubelle	Sac poubelle
prod_saint_nectaire	Saint-nectaire
prod_salade_composee	Salade composee
prod_salsa	Salsa
prod_samoussas	Samoussas
prod_sandwiches	Sandwiches
prod_sardines	Sardines
prod_sauce	Sauce
prod_sauce_fish	Sauce fish
prod_sauce_hoisin	Sauce hoisin
prod_sauce_oyster	Sauce oyster
prod_sauce_sriracha	Sauce sriracha
prod_sauce_teriyaki	Sauce teriyaki
prod_saucisson_sec	Saucisson sec
prod_scie	Scie
prod_scotch	Scotch
prod_seitan	Seitan
prod_seitan_bio	Seitan bio
prod_semoule	Semoule
prod_serrure	Serrure
prod_silicone	Silicone
prod_sirop	Sirop
prod_smoothie	Smoothie
prod_soda	Soda
prod_soda_light	Soda light
prod_soda_sans_alcool	Soda sans alcool
prod_sorbet	Sorbet
prod_soupe	Soupe
prod_soupe_miso	Soupe miso
prod_soupe_pho	Soupe pho
prod_soupe_potage	Soupe / potage
prod_spiruline	Spiruline
prod_steak	Steak
prod_steak_de_soja	Steak de soja
prod_tabac	Tabac
prod_tablette	Tablette
prod_tacos_fajitas	Tacos / fajitas
prod_tahini	Tahini
prod_tampons	Tampons
prod_tapenade	Tapenade
prod_tapioca	Tapioca
prod_tartare	Tartare
prod_tasseau	Tasseau
prod_tempeh	Tempeh
prod_tempura	Tempura
prod_terreau	Terreau
prod_terrine	Terrine
prod_thermostat	Thermostat
prod_timbre	Timbre
prod_tisane	Tisane
prod_tofu	Tofu
prod_tofu_bio	Tofu bio
prod_tofu_soyeux	Tofu soyeux
prod_tortellini	Tortellini
prod_tortillas	Tortillas
prod_tournevis	Tournevis
prod_tringle	Tringle
prod_tuyau	Tuyau
prod_vache_qui_rit	Vache qui rit
prod_veau	Veau
prod_vermicelles	Vermicelles
prod_vermicelles_de_riz	Vermicelles de riz
prod_vernis	Vernis
prod_verrue	Verrue
prod_viande	Viande
prod_viande_hachee_2	Viande hachee
prod_viandes_poissons	Viandes & Poissons
prod_viennoiseries	Viennoiseries
prod_vinaigre_de_riz	Vinaigre de riz
prod_vinaigrette	Vinaigrette
prod_vis	Vis
prod_visseuse	Visseuse
prod_volaille	Volaille
prod_wasabi	Wasabi
prod_whisky	Whisky
prod_white_spirit	White spirit
prod_wrap	Wrap
prod_zeste	Zeste
